audit_id,item_id,model,bench,crops,steps,verdict,advice
R0001,worldbench_1173,K3,worldbench,2,3,BAD,两裁图都有真实比较增益，最终B符合水牛自身左鼻孔；第2步明确将画面右错绑为水牛右鼻孔，涉及题目关键属性，故不因终答正确放行，判BAD。
R0002,mmmu_pro_std_test_Basic_Medical_Science_216,K3,mmmu_pro,0,1,KEEP,图示C为Henle袢上升侧，盐重吸收而水难通过的稀释功能与该绑定一致；轨迹未额外声称箭头是粗升支，直接回答D可支持。
R0003,vs_119,K3,vstar,0,1,KEEP,骑车人位于雕塑的画面右侧，原图足够判断，直接回答A且视角绑定清楚，判KEEP。
R0004,mme_realworld_14576,K3,mme_realworld,2,3,WEAK,如实区分图上Made与选项Making；核心读字/绑定合理，但重复裁已有低分辨率crop不满足严格全部有用。
R0005,mme_realworld_08054,K3,mme_realworld,1,2,KEEP,"25月位于15,000与20,000之间的平台，单次裁图支持精确横纵轴绑定，B可靠，判KEEP。"
R0006,worldbench_1353,K3,worldbench,2,3,WEAK,C及城市到标题的绑定可靠，但第二裁剪只是对已清楚位置关系的再次放大，按裁剪效用记WEAK。
R0007,mme_realworld_05042,K3,mme_realworld,0,1,KEEP,"Thousand Convertor正确绑定1,000.00而非上方Million行，答案C可靠。"
R0008,worldbench_0608,K3,worldbench,3,4,WEAK,地图颜色绑定和C均可靠，近似面积符合常识；欧洲与Nepal两区裁剪有效，最后再次查看Ireland无新增证据，判WEAK。
R0009,worldbench_1290,K3,worldbench,0,1,KEEP,D由至少两名舞者的离地腿支持；空手与舞台布景描述亦与图一致，合理直答。
R0010,worldbench_1293,K3,worldbench,1,2,KEEP,两人/物品绑定正确，双区域同框比较支持对讲机在身体相反侧；没有把持帽误说成戴帽。
R0011,mme_realworld_09246,K3,mme_realworld,0,1,KEEP,原图证据充分，Year5的Staff Cost为332.0，直接回答A可靠。
R0012,mme_realworld_03047,K3,mme_realworld,3,4,KEEP,独立计数为左3右6，共9；轨迹逐区排除树干与白色杂物，绑定和终答C可靠。
R0013,mme_realworld_15246,K3,mme_realworld,0,1,KEEP,原图足以读取墓碑完整姓名，位置及逐字拼写正确，合理直答保留。
R0014,mmmu_pro_std_validation_Mechanical_Engineering_17,K3,mmmu_pro,4,5,WEAK,右向剖视对应截面右侧开口，图A映射选项C，核心几何和答案可靠；前两裁图有用，后两次重复确认缺乏新增证据，判WEAK。
R0015,visreason_c10_61,K3,visreason,1,2,KEEP,前五图各三条连续直线，只有A两横一竖为三条；计数口径一致，选项裁剪有比较用途。
R0016,mme_realworld_18511,K3,mme_realworld,4,5,WEAK,目标绑定和答案可靠，但已有清晰数字后重复裁图，不满足每次裁图均有用的严格KEEP。
R0017,mme_realworld_16959,K3,mme_realworld,0,1,WEAK,直答和目标车绑定可靠，NDV清楚支持B；车牌前缀O/0直接按选项转写有轻微严谨性问题，保留为WEAK。
R0018,vs_061,K3,vstar,1,2,KEEP,目标犬与自行车旁位置绑定一致，单次放大有效确认白/奶白色，A可靠，保留。
R0019,worldbench_0026,K3,worldbench,1,2,KEEP,正确绑定高亮封面而非下方照片网格，完整五枚中三枚插画，答案C可靠。
R0020,mme_realworld_15144,K3,mme_realworld,0,1,KEEP,原图明确写For first 100 clients与$15，目标产品绑定正确且保留价格限定，直答A合理，判KEEP。
R0021,vs_093,K3,vstar,1,2,KEEP,crop确认同一入口男子的头盔白底蓝纹，A及绑定可靠。
R0022,visreason_c8_160,K3,visreason,6,7,BAD,图片字谜的终答可能为Kentucky，但路径把图词与额外字母错混，末步运算和连续字串断言均明确错误；六次裁剪中还包含无新增信息的重复。
R0023,mme_realworld_16083,K3,mme_realworld,0,1,KEEP,完整日程转写与图像一致，APRIL TO JUNE、WEDNESDAYS、17:00至19:30均正确，答案D可靠。
R0024,mmmu_pro_std_validation_Clinical_Medicine_3,K3,mmmu_pro,0,1,KEEP,可见的上腹囊状薄壁钙化与胆囊异常相符，F及区域绑定得到支持；轨迹把瓷化/扩张作为示例而未声称确定病因。
R0025,mme_realworld_07884,K3,mme_realworld,0,1,KEEP,红色Plan1占55%为最高，直接作答C有充分图像证据。
R0026,visreason_c9_423,K3,visreason,0,1,KEEP,可见轮廓支持左组竖直单轴-双轴-单轴、右组水平方向对应规则，D正确，简洁直答可保留。
R0027,mme_realworld_16270,K3,mme_realworld,7,8,WEAK,原图及局部合看支持A，水印实例一致；存在有效细读与诚实偏移恢复，但第5次crop重复已读后缀，不满足全部crop有用的KEEP要求。
R0028,worldbench_1961,K3,worldbench,0,1,BAD,选C及对其他选项的视觉判断合理，但把Data Creator确认为登录账号持有人属于关键身份错绑，原图没有该身份依据，不能仅凭终答C放行。
R0029,mme_realworld_23605,K3,mme_realworld,0,1,KEEP,目标建筑在中心偏右下，轮廓和圆顶绑定清楚；直接回答C合理，判KEEP。
R0030,mmmu_pro_std_test_Energy_and_Power_276,K3,mmmu_pro,0,1,KEEP,尺寸与水深参照绑定正确，静水合力及对水面的一阶矩积分正确，压力中心临界条件解得h=0.333m，答案B可靠。
R0031,worldbench_1418,K3,worldbench,0,1,KEEP,字幕中is后和right后各2个短横，合计4支持C；原图足够直接读数。
R0032,vs_060,K3,vstar,1,2,KEEP,图中狗的金色长毛、垂耳和头身外形在给定四选项中支持金毛D；裁图显著改善辨别，事实与对象绑定可靠，判KEEP。
R0033,mme_realworld_14375,K3,mme_realworld,1,2,KEEP,OPEN正上方悬挂牌确为JCB；字母识读、相对位置和答案A均可靠。
R0034,visreason_c9_291,K3,visreason,5,6,WEAK,C及相邻/相对分组受图像支持，未发现关键错绑；前两区比较与④绑定有用途，⑥⑤两次复核无新增证据，故WEAK。
R0035,vs_176,K3,vstar,0,1,KEEP,店门口扫帚在折叠椅图像左侧，目标和关系明确，直接回答B可靠。
R0036,mmmu_pro_std_test_Chemistry_326,K3,mmmu_pro,0,1,WEAK,结构位点及常规共振稳定性支持D，直接回答充分；CALC把pKa大小与酸性方向混写成不成立数值不等式，需修正后才适合主集。
R0037,mme_realworld_18961,K3,mme_realworld,1,2,KEEP,目标绿箱绑定正确，裁剪清楚显示FIRST AID，答案A与图中文字一致。
R0038,worldbench_0752,K3,worldbench,0,1,KEEP,左侧露肩格纹上衣与右侧红衣覆盖肩部的差别清晰，答案A正确，无需crop。
R0039,mme_realworld_21995,K3,mme_realworld,2,3,WEAK,三座白色圆柱塔楼支持D且对象绑定正确；首次放大有用，第二次重复确认且边缘截断理由不成立，降为WEAK。
R0040,mme_realworld_15152,K3,mme_realworld,1,2,BAD,A与可见品牌文字一致，但路径实际裁剪并读取KING上方矩形广告牌，未绑定原图的红色竖旗。关键对象替换不能因两者同品牌放行。
R0041,worldbench_0583,K3,worldbench,0,1,KEEP,左演员前倾且头部占据较近前景，A是合理透视判断；轨迹正确区分右演员前伸手套与其脸，不混淆比较部位，判KEEP。
R0042,worldbench_0671,K3,worldbench,1,2,KEEP,白开衫同一门襟上方、中部和下摆三枚黑纽扣可核，答案C和对象绑定可靠。
R0043,worldbench_1117,K3,worldbench,2,3,KEEP,两只考拉嘴部都未见叶片进入，轨迹用明确可见进食线索比较两对象，表述保留clearly限定，D有支持；两个裁图各有用途，判KEEP。
R0044,mme_realworld_12964,K3,mme_realworld,2,3,KEEP,两次裁图分别定位与读色，目标始终一致，没有凭模糊原图过早确定。
R0045,vs_084,K3,vstar,2,3,KEEP,桌上透明杯中的吸管为黑色，定位与局部放大均有作用；前缀保留小目标不确定性，细看后作答A可靠。
R0046,mmmu_pro_std_test_Public_Health_463,K3,mmmu_pro,0,1,KEEP,正确读取200/800与100/900并使用各组总人数作分母，RR=2.0，答案I可靠。
R0047,mme_realworld_15623,K3,mme_realworld,1,2,KEEP,下划线紧贴FALL/WINTER 2019/20，A及文字行绑定可靠，crop具有辨别作用。
R0048,vs_115,K3,vstar,0,1,KEEP,电话与红色手提灯均正确定位，同桌左右关系支持A。
R0049,worldbench_1539,K3,worldbench,2,3,WEAK,若empty按轨迹显式定义为无真实单位值（横线或空白），5及C可靠，行列绑定正确；总行数误写16而实为17属非关键说明错误。字面真空白仅1行，保留此语义边界。
R0050,mme_realworld_12088,K3,mme_realworld,2,3,KEEP,10名主要人物加底边独立头顶，共11人；两次crop分别解决重叠与边缘漏计，答案A可靠。
R0051,mme_realworld_04015,K3,mme_realworld,1,2,WEAK,静止A可作为站姿所支持的合理预测，不能当作已观察到的未来。裁图有用、黑裤绑定正确；对二人均站在人行道的附加断言不可靠，判WEAK。
R0052,mme_realworld_06381,K3,mme_realworld,0,1,KEEP,"Common stock的PL为13,7K，列与行绑定及相邻列读数均正确，直答D可靠。"
R0053,worldbench_1007,K3,worldbench,0,1,KEEP,从左第二根的黑色土斑最密集，位置与A绑定正确，直答可保留。
R0054,worldbench_1761,K3,worldbench,2,3,KEEP,全图与两侧crop支持3+1=4，方向筛选和计数覆盖正确，保留。
R0055,mme_realworld_02697,K3,mme_realworld,5,6,UNRESOLVED,没有辨出任何moped；偏高crop后下移是真实恢复，但右路边持续过暗，无法独立确认最终零计数，暂保留待视觉裁决。
R0056,vs_070,K3,vstar,1,2,KEEP,对象定位准确，crop实质解决小目标身份与颜色，答案B可靠。
R0057,mme_realworld_21382,K3,mme_realworld,2,3,KEEP,红色椭圆内四块绿色区域按上二下二清楚分组，两次裁图分别定位与分辨边界，计数4及D均可靠，判KEEP。
R0058,mmmu_pro_std_validation_Chemistry_16,K3,mmmu_pro,0,1,KEEP,正确识别中心S的四个成键电子域且无中心孤对，AX4对应四面体，答案F可靠；未把二维十字画法误当实际平面构型。
R0059,worldbench_1788,K3,worldbench,0,1,KEEP,明确按矩形、圆形、箭头三类统计，图上支持3及B，原图足够，判KEEP。
R0060,mme_realworld_19458,K3,mme_realworld,0,1,KEEP,主针绑定正确，10点10分与选项B一致，无需放大。
R0061,worldbench_0058,K3,worldbench,1,2,KEEP,选中项括号purga E14可靠，不同内容共有五个可见日志行，2+3计算及行绑定正确；右侧截断未影响不同内容判断。
R0062,mmmu_pro_std_test_Pharmacy_211,K3,mmmu_pro,0,1,KEEP,在示意相图上连续追踪6atm路径得到固→液→气，D匹配两次变化和最终气态；温度仅作近似读数。
R0063,mmmu_pro_std_validation_Physics_4,K3,mmmu_pro,0,1,KEEP,空气/塑料与37°/53°的界面角绑定正确，法线角换算及v=c·sin37°/sin53°得2.26×10^8，G可靠。
R0064,visreason_c9_308,K3,visreason,3,4,WEAK,分类B可靠，左右区域绑定清楚；第三裁剪未增加与分类相关的新信息，记WEAK。
R0065,worldbench_1358,K3,worldbench,1,2,WEAK,三个阶段区段仅首段黄色，按区段计B可靠；轨迹额外称三段等长与图像不符，保留为WEAK。
R0066,mme_realworld_22973,K3,mme_realworld,1,2,KEEP,深蓝屋顶位于原图上边缘偏左海岸，crop与全图坐标绑定正确，答案D可靠。
R0067,mme_realworld_19406,K3,mme_realworld,1,2,KEEP,C由实际路边标牌60直接支持，位置和对象绑定准确。
R0068,worldbench_1188,K3,worldbench,3,4,KEEP,B获得人脸和帽檐方向共同支持；逐人细读与跨区域绑定正确，全部crop各有用途。
R0069,mme_realworld_21692,K3,mme_realworld,3,4,BAD,可见红车为2，终答C受支持；但过程虚构第三候选及其在停车场外的确定排除依据，最终计数理由含未修复证据错误，不能因终答正确收KEEP。
R0070,mmmu_pro_std_validation_Electronics_14,K3,mmmu_pro,0,1,KEEP,曲线、平台及负值线段端点读取正确，斜率15与阶跃窗计算正确，F可靠，保留。
R0071,mmmu_pro_std_test_Diagnostics_and_Laboratory_Medicine_5,K3,mmmu_pro,2,3,UNRESOLVED,箭头绑定和取证顺序合理，B可能正确，但对专业鉴别/染色排除理由不能确认，暂不进入严格KEEP。
R0072,mmmu_pro_std_test_Music_11,K3,mmmu_pro,4,5,WEAK,独立读谱支持E♭2至D4的复大七度及box1/C；过程未落实精确音高与音程性质，且最后裁图重复已有上下文，判WEAK。
R0073,mme_realworld_18456,K3,mme_realworld,1,2,KEEP,第二张海报红字实际读作Andreas Kabus，未借选项改拼写；对象次序和B映射可靠，单裁图有字形辨认作用，判KEEP。
R0074,mme_realworld_15259,K3,mme_realworld,0,1,KEEP,BONUS FEATURE与LOIS LANE!明确绑定，答案C正确，直答充分。
R0075,mme_realworld_20825,K3,mme_realworld,2,3,KEEP,最大靠泊货船为绿色；先比较候选船的大小与码头关系，再读清绿色甲板，答案A有可靠视觉依据。
R0076,mme_realworld_02666,K3,mme_realworld,3,4,BAD,crop有用，但终步把右前方箱式车辆断言为栏杆，并无依据合并CMA集装箱与泵车，关键计数和对象绑定错误，不能因选项C放行。
R0077,worldbench_1469,K3,worldbench,0,1,KEEP,起点与回收桶分居长柜台两侧，沿电梯方向到端部再绕到前侧是可行路线，D绑定可靠；原图足够直答，判KEEP。
R0078,mme_realworld_02444,K3,mme_realworld,4,5,WEAK,人物绑定正确，站立合理；后段重复取景未解除遮挡，双腿描述过强，不收严格KEEP。
R0079,mme_realworld_17889,K3,mme_realworld,1,2,KEEP,金属门牌为22，位置绑定及答案B可靠。
R0080,mme_realworld_14633,K3,mme_realworld,0,1,KEEP,绿色电线杆标牌确为Masonic，排除其他招牌的文字绑定正确，答案B可靠。
R0081,mmmu_pro_std_validation_Music_14,K3,mmmu_pro,2,3,WEAK,D4至F#5为复大三度，第二框对应C，绑定和推导可靠；第二次裁剪重复已经清晰的顶线谱位，故WEAK。
R0082,mme_realworld_17952,K3,mme_realworld,1,2,KEEP,左首住宅入口上为358，目标和数字对应可靠，答案C成立。
R0083,worldbench_1044,K3,worldbench,0,1,KEEP,D由左侧面饼上的粉末/细粒调料支持，其余全称选项可由不规则奶酪和湿润叶片反驳，直答可靠。
R0084,mme_realworld_19965,K3,mme_realworld,1,2,KEEP,目标停车区绑定正确，放大图白色车体显著多于其他颜色，C可靠，无需为明显多数强行精确逐车计数。
R0085,mme_realworld_15380,K3,mme_realworld,1,2,KEEP,图中字样确为LUNDY’S LANE，位置颜色及选项A对应可靠。
R0086,mmmu_pro_std_test_Agriculture_169,K3,mmmu_pro,0,1,UNRESOLVED,形态描述基本符合图片，E可为候选原因且题目问could be；但未具备独立确认遗传成因优先级的依据，保留为专业知识待裁决，不当作已证实错误。
R0087,mme_realworld_11642,K3,mme_realworld,2,3,KEEP,整图和上下两区域均未见巴士，车型排除与答案E可靠，两次crop具有不同区域检查用途。
R0088,worldbench_1559,K3,worldbench,2,3,WEAK,题问最短红路径，83天支持A而标题88对应17天分支；最终修复了并行相加错误，首个crop无明显增益，列WEAK。
